filename;neutral;unsettling;pleasant;scary;nervous
neutral1;1;0;0;0;0
neutral2;1;0;0;0;0
neutral3;1;0;0;0;0
neutral4;1;0;0;0;0
neutral5;1;0;0;0;0
neutral6;1;0;0;0;0
neutral7;1;0;0;0;0
neutral8;1;0;0;0;0
neutral9;1;0;0;0;0
neutral10;1;0;0;0;0
neutral11;1;0;0;0;0
neutral12;1;0;0;0;0
neutral13;1;0;0;0;0
neutral14;1;0;0;0;0
neutral15;1;0;0;0;0
neutral16;1;0;0;0;0
neutral17;1;0;0;0;0
neutral18;1;0;0;0;0
neutral19;1;0;0;0;0
neutral20;1;0;0;0;0
neutral21;1;0;0;0;0
neutral22;1;0;0;0;0
neutral23;1;0;0;0;0
neutral24;1;0;0;0;0
neutral25;1;0;0;0;0
neutral26;1;0;0;0;0
neutral27;1;0;0;0;0
neutral28;1;0;0;0;0
neutral29;1;0;0;0;0
neutral30;1;0;0;0;0
neutral31;1;0;0;0;0
neutral32;1;0;0;0;0
neutral33;1;0;0;0;0
neutral34;1;0;0;0;0
neutral35;1;0;0;0;0
neutral36;1;0;0;0;0
neutral37;1;0;0;0;0
neutral38;1;0;0;0;0
neutral39;1;0;0;0;0
neutral40;1;0;0;0;0
neutral41;1;0;0;0;0
neutral42;1;0;0;0;0
neutral43;1;0;0;0;0
neutral44;1;0;0;0;0
neutral45;1;0;0;0;0
neutral46;1;0;0;0;0
neutral47;1;0;0;0;0
neutral48;1;0;0;0;0
neutral49;1;0;0;0;0
neutral50;1;0;0;0;0
neutral51;1;0;0;0;0
neutral52;1;0;0;0;0
neutral53;1;0;0;0;0
neutral54;1;0;0;0;0
neutral55;1;0;0;0;0
neutral56;1;0;0;0;0
neutral57;1;0;0;0;0
neutral58;1;0;0;0;0
neutral59;1;0;0;0;0
neutral60;1;0;0;0;0
unsettling1;0;1;0;0;0
unsettling2;0;1;0;0;0
unsettling3;0;1;0;0;0
unsettling4;0;1;0;0;0
unsettling5;0;1;0;0;0
unsettling6;0;1;0;0;0
unsettling7;0;1;0;0;0
unsettling8;0;1;0;0;0
unsettling9;0;1;0;0;0
unsettling10;0;1;0;0;0
unsettling11;0;1;0;0;0
unsettling12;0;1;0;0;0
unsettling13;0;1;0;0;0
unsettling14;0;1;0;0;0
unsettling15;0;1;0;0;0
unsettling16;0;1;0;0;0
unsettling17;0;1;0;0;0
unsettling18;0;1;0;0;0
unsettling19;0;1;0;0;0
unsettling20;0;1;0;0;0
unsettling21;0;1;0;0;0
unsettling22;0;1;0;0;0
unsettling23;0;1;0;0;0
unsettling24;0;1;0;0;0
unsettling25;0;1;0;0;0
unsettling26;0;1;0;0;0
unsettling27;0;1;0;0;0
unsettling28;0;1;0;0;0
unsettling29;0;1;0;0;0
unsettling30;0;1;0;0;0
unsettling31;0;1;0;0;0
unsettling32;0;1;0;0;0
unsettling33;0;1;0;0;0
unsettling34;0;1;0;0;0
unsettling35;0;1;0;0;0
unsettling36;0;1;0;0;0
unsettling37;0;1;0;0;0
unsettling38;0;1;0;0;0
unsettling39;0;1;0;0;0
unsettling40;0;1;0;0;0
unsettling41;0;1;0;0;0
unsettling42;0;1;0;0;0
unsettling43;0;1;0;0;0
unsettling44;0;1;0;0;0
unsettling45;0;1;0;0;0
unsettling46;0;1;0;0;0
unsettling47;0;1;0;0;0
unsettling48;0;1;0;0;0
unsettling49;0;1;0;0;0
unsettling50;0;1;0;0;0
unsettling51;0;1;0;0;0
unsettling52;0;1;0;0;0
unsettling53;0;1;0;0;0
unsettling54;0;1;0;0;0
unsettling55;0;1;0;0;0
unsettling56;0;1;0;0;0
unsettling57;0;1;0;0;0
unsettling58;0;1;0;0;0
unsettling59;0;1;0;0;0
unsettling60;0;1;0;0;0
unsettling61;0;1;0;0;0
unsettling62;0;1;0;0;0
unsettling63;0;1;0;0;0
unsettling64;0;1;0;0;0
unsettling65;0;1;0;0;0
unsettling66;0;1;0;0;0
unsettling67;0;1;0;0;0
unsettling68;0;1;0;0;0
unsettling69;0;1;0;0;0
unsettling70;0;1;0;0;0
unsettling71;0;1;0;0;0
unsettling72;0;1;0;0;0
unsettling73;0;1;0;0;0
unsettling74;0;1;0;0;0
unsettling75;0;1;0;0;0
unsettling76;0;1;0;0;0
unsettling77;0;1;0;0;0
unsettling78;0;1;0;0;0
unsettling79;0;1;0;0;0
unsettling80;0;1;0;0;0
unsettling81;0;1;0;0;0
unsettling82;0;1;0;0;0
unsettling83;0;1;0;0;0
unsettling84;0;1;0;0;0
unsettling85;0;1;0;0;0
unsettling86;0;1;0;0;0
unsettling87;0;1;0;0;0
unsettling88;0;1;0;0;0
unsettling89;0;1;0;0;0
unsettling90;0;1;0;0;0
unsettling91;0;1;0;0;0
unsettling92;0;1;0;0;0
unsettling93;0;1;0;0;0
unsettling94;0;1;0;0;0
unsettling95;0;1;0;0;0
unsettling96;0;1;0;0;0
unsettling97;0;1;0;0;0
unsettling98;0;1;0;0;0
unsettling99;0;1;0;0;0
unsettling100;0;1;0;0;0
unsettling101;0;1;0;0;0
unsettling102;0;1;0;0;0
unsettling103;0;1;0;0;0
unsettling104;0;1;0;0;0
unsettling105;0;1;0;0;0
unsettling106;0;1;0;0;0
unsettling107;0;1;0;0;0
unsettling108;0;1;0;0;0
unsettling109;0;1;0;0;0
unsettling110;0;1;0;0;0
unsettling111;0;1;0;0;0
unsettling112;0;1;0;0;0
unsettling113;0;1;0;0;0
unsettling114;0;1;0;0;0
unsettling115;0;1;0;0;0
unsettling116;0;1;0;0;0
unsettling117;0;1;0;0;0
unsettling118;0;1;0;0;0
unsettling119;0;1;0;0;0
unsettling120;0;1;0;0;0
unsettling121;0;1;0;0;0
unsettling122;0;1;0;0;0
unsettling123;0;1;0;0;0
unsettling124;0;1;0;0;0
unsettling125;0;1;0;0;0
unsettling126;0;1;0;0;0
unsettling127;0;1;0;0;0
unsettling128;0;1;0;0;0
unsettling129;0;1;0;0;0
unsettling130;0;1;0;0;0
unsettling131;0;1;0;0;0
unsettling132;0;1;0;0;0
unsettling133;0;1;0;0;0
unsettling134;0;1;0;0;0
unsettling135;0;1;0;0;0
unsettling136;0;1;0;0;0
unsettling137;0;1;0;0;0
unsettling138;0;1;0;0;0
unsettling139;0;1;0;0;0
unsettling140;0;1;0;0;0
unsettling141;0;1;0;0;0
unsettling142;0;1;0;0;0
unsettling143;0;1;0;0;0
unsettling144;0;1;0;0;0
unsettling145;0;1;0;0;0
unsettling146;0;1;0;0;0
unsettling147;0;1;0;0;0
unsettling148;0;1;0;0;0
unsettling149;0;1;0;0;0
unsettling150;0;1;0;0;0
unsettling151;0;1;0;0;0
unsettling152;0;1;0;0;0
unsettling153;0;1;0;0;0
unsettling154;0;1;0;0;0
unsettling155;0;1;0;0;0
unsettling156;0;1;0;0;0
unsettling157;0;1;0;0;0
unsettling158;0;1;0;0;0
unsettling159;0;1;0;0;0
unsettling160;0;1;0;0;0
unsettling161;0;1;0;0;0
unsettling162;0;1;0;0;0
unsettling163;0;1;0;0;0
unsettling164;0;1;0;0;0
unsettling165;0;1;0;0;0
unsettling166;0;1;0;0;0
unsettling167;0;1;0;0;0
unsettling168;0;1;0;0;0
unsettling169;0;1;0;0;0
unsettling170;0;1;0;0;0
unsettling171;0;1;0;0;0
unsettling172;0;1;0;0;0
unsettling173;0;1;0;0;0
unsettling174;0;1;0;0;0
unsettling175;0;1;0;0;0
unsettling176;0;1;0;0;0
unsettling177;0;1;0;0;0
unsettling178;0;1;0;0;0
unsettling179;0;1;0;0;0
unsettling180;0;1;0;0;0
unsettling181;0;1;0;0;0
unsettling182;0;1;0;0;0
unsettling183;0;1;0;0;0
unsettling184;0;1;0;0;0
unsettling185;0;1;0;0;0
unsettling186;0;1;0;0;0
unsettling187;0;1;0;0;0
unsettling188;0;1;0;0;0
unsettling189;0;1;0;0;0
unsettling190;0;1;0;0;0
unsettling191;0;1;0;0;0
unsettling192;0;1;0;0;0
unsettling193;0;1;0;0;0
unsettling194;0;1;0;0;0
unsettling195;0;1;0;0;0
unsettling196;0;1;0;0;0
unsettling197;0;1;0;0;0
unsettling198;0;1;0;0;0
unsettling199;0;1;0;0;0
unsettling200;0;1;0;0;0
unsettling201;0;1;0;0;0
unsettling202;0;1;0;0;0
unsettling203;0;1;0;0;0
unsettling204;0;1;0;0;0
unsettling205;0;1;0;0;0
unsettling206;0;1;0;0;0
unsettling207;0;1;0;0;0
unsettling208;0;1;0;0;0
unsettling209;0;1;0;0;0
unsettling210;0;1;0;0;0
unsettling211;0;1;0;0;0
unsettling212;0;1;0;0;0
unsettling213;0;1;0;0;0
unsettling214;0;1;0;0;0
unsettling215;0;1;0;0;0
unsettling216;0;1;0;0;0
unsettling217;0;1;0;0;0
unsettling218;0;1;0;0;0
unsettling219;0;1;0;0;0
unsettling220;0;1;0;0;0
unsettling221;0;1;0;0;0
unsettling222;0;1;0;0;0
unsettling223;0;1;0;0;0
unsettling224;0;1;0;0;0
unsettling225;0;1;0;0;0
unsettling226;0;1;0;0;0
unsettling227;0;1;0;0;0
unsettling228;0;1;0;0;0
unsettling229;0;1;0;0;0
unsettling230;0;1;0;0;0
unsettling231;0;1;0;0;0
unsettling232;0;1;0;0;0
unsettling233;0;1;0;0;0
unsettling234;0;1;0;0;0
unsettling235;0;1;0;0;0
unsettling236;0;1;0;0;0
unsettling237;0;1;0;0;0
unsettling238;0;1;0;0;0
unsettling239;0;1;0;0;0
unsettling240;0;1;0;0;0
unsettling241;0;1;0;0;0
unsettling242;0;1;0;0;0
unsettling243;0;1;0;0;0
unsettling244;0;1;0;0;0
unsettling245;0;1;0;0;0
unsettling246;0;1;0;0;0
unsettling247;0;1;0;0;0
unsettling248;0;1;0;0;0
unsettling249;0;1;0;0;0
unsettling250;0;1;0;0;0
unsettling251;0;1;0;0;0
unsettling252;0;1;0;0;0
unsettling253;0;1;0;0;0
unsettling254;0;1;0;0;0
unsettling255;0;1;0;0;0
unsettling256;0;1;0;0;0
unsettling257;0;1;0;0;0
unsettling258;0;1;0;0;0
unsettling259;0;1;0;0;0
unsettling260;0;1;0;0;0
unsettling261;0;1;0;0;0
unsettling262;0;1;0;0;0
unsettling263;0;1;0;0;0
unsettling264;0;1;0;0;0
unsettling265;0;1;0;0;0
unsettling266;0;1;0;0;0
unsettling267;0;1;0;0;0
unsettling268;0;1;0;0;0
unsettling269;0;1;0;0;0
unsettling270;0;1;0;0;0
unsettling271;0;1;0;0;0
unsettling272;0;1;0;0;0
unsettling273;0;1;0;0;0
unsettling274;0;1;0;0;0
unsettling275;0;1;0;0;0
unsettling276;0;1;0;0;0
unsettling277;0;1;0;0;0
unsettling278;0;1;0;0;0
unsettling279;0;1;0;0;0
unsettling280;0;1;0;0;0
unsettling281;0;1;0;0;0
unsettling282;0;1;0;0;0
unsettling283;0;1;0;0;0
unsettling284;0;1;0;0;0
unsettling285;0;1;0;0;0
unsettling286;0;1;0;0;0
unsettling287;0;1;0;0;0
unsettling288;0;1;0;0;0
unsettling289;0;1;0;0;0
unsettling290;0;1;0;0;0
unsettling291;0;1;0;0;0
unsettling292;0;1;0;0;0
unsettling293;0;1;0;0;0
unsettling294;0;1;0;0;0
unsettling295;0;1;0;0;0
unsettling296;0;1;0;0;0
unsettling297;0;1;0;0;0
unsettling298;0;1;0;0;0
unsettling299;0;1;0;0;0
unsettling300;0;1;0;0;0
unsettling301;0;1;0;0;0
unsettling302;0;1;0;0;0
unsettling303;0;1;0;0;0
unsettling304;0;1;0;0;0
unsettling305;0;1;0;0;0
unsettling306;0;1;0;0;0
unsettling307;0;1;0;0;0
unsettling308;0;1;0;0;0
unsettling309;0;1;0;0;0
unsettling310;0;1;0;0;0
unsettling311;0;1;0;0;0
unsettling312;0;1;0;0;0
unsettling313;0;1;0;0;0
unsettling314;0;1;0;0;0
unsettling315;0;1;0;0;0
unsettling316;0;1;0;0;0
unsettling317;0;1;0;0;0
unsettling318;0;1;0;0;0
unsettling319;0;1;0;0;0
unsettling320;0;1;0;0;0
unsettling321;0;1;0;0;0
unsettling322;0;1;0;0;0
unsettling323;0;1;0;0;0
unsettling324;0;1;0;0;0
unsettling325;0;1;0;0;0
unsettling326;0;1;0;0;0
unsettling327;0;1;0;0;0
unsettling328;0;1;0;0;0
unsettling329;0;1;0;0;0
unsettling330;0;1;0;0;0
unsettling331;0;1;0;0;0
unsettling332;0;1;0;0;0
unsettling333;0;1;0;0;0
unsettling334;0;1;0;0;0
unsettling335;0;1;0;0;0
unsettling336;0;1;0;0;0
unsettling337;0;1;0;0;0
unsettling338;0;1;0;0;0
unsettling339;0;1;0;0;0
unsettling340;0;1;0;0;0
unsettling341;0;1;0;0;0
unsettling342;0;1;0;0;0
unsettling343;0;1;0;0;0
unsettling344;0;1;0;0;0
unsettling345;0;1;0;0;0
unsettling346;0;1;0;0;0
unsettling347;0;1;0;0;0
unsettling348;0;1;0;0;0
unsettling349;0;1;0;0;0
unsettling350;0;1;0;0;0
unsettling351;0;1;0;0;0
unsettling352;0;1;0;0;0
unsettling353;0;1;0;0;0
unsettling354;0;1;0;0;0
unsettling355;0;1;0;0;0
unsettling356;0;1;0;0;0
unsettling357;0;1;0;0;0
unsettling358;0;1;0;0;0
unsettling359;0;1;0;0;0
unsettling360;0;1;0;0;0
unsettling361;0;1;0;0;0
unsettling362;0;1;0;0;0
unsettling363;0;1;0;0;0
unsettling364;0;1;0;0;0
unsettling365;0;1;0;0;0
unsettling366;0;1;0;0;0
unsettling367;0;1;0;0;0
unsettling368;0;1;0;0;0
unsettling369;0;1;0;0;0
unsettling370;0;1;0;0;0
unsettling371;0;1;0;0;0
unsettling372;0;1;0;0;0
unsettling373;0;1;0;0;0
unsettling374;0;1;0;0;0
unsettling375;0;1;0;0;0
unsettling376;0;1;0;0;0
pleasent1;0;0;1;0;0
pleasent2;0;0;1;0;0
pleasent3;0;0;1;0;0
pleasent4;0;0;1;0;0
pleasent5;0;0;1;0;0
pleasent6;0;0;1;0;0
pleasent7;0;0;1;0;0
pleasent8;0;0;1;0;0
pleasent9;0;0;1;0;0
pleasent10;0;0;1;0;0
pleasent11;0;0;1;0;0
pleasent12;0;0;1;0;0
pleasent13;0;0;1;0;0
pleasent14;0;0;1;0;0
pleasent15;0;0;1;0;0
pleasent16;0;0;1;0;0
pleasent17;0;0;1;0;0
pleasent18;0;0;1;0;0
pleasent19;0;0;1;0;0
pleasent20;0;0;1;0;0
pleasent21;0;0;1;0;0
pleasent22;0;0;1;0;0
pleasent23;0;0;1;0;0
pleasent24;0;0;1;0;0
pleasent25;0;0;1;0;0
pleasent26;0;0;1;0;0
pleasent27;0;0;1;0;0
pleasent28;0;0;1;0;0
pleasent29;0;0;1;0;0
pleasent30;0;0;1;0;0
pleasent31;0;0;1;0;0
pleasent32;0;0;1;0;0
pleasent33;0;0;1;0;0
pleasent34;0;0;1;0;0
pleasent35;0;0;1;0;0
pleasent36;0;0;1;0;0
pleasent37;0;0;1;0;0
pleasent38;0;0;1;0;0
pleasent39;0;0;1;0;0
pleasent40;0;0;1;0;0
pleasent41;0;0;1;0;0
pleasent42;0;0;1;0;0
pleasent43;0;0;1;0;0
scary1;0;0;0;1;0
scary2;0;0;0;1;0
scary3;0;0;0;1;0
scary4;0;0;0;1;0
scary5;0;0;0;1;0
scary6;0;0;0;1;0
scary7;0;0;0;1;0
scary8;0;0;0;1;0
scary9;0;0;0;1;0
scary10;0;0;0;1;0
scary11;0;0;0;1;0
scary12;0;0;0;1;0
scary13;0;0;0;1;0
scary14;0;0;0;1;0
scary15;0;0;0;1;0
scary16;0;0;0;1;0
scary17;0;0;0;1;0
scary18;0;0;0;1;0
scary19;0;0;0;1;0
scary20;0;0;0;1;0
scary21;0;0;0;1;0
scary22;0;0;0;1;0
scary23;0;0;0;1;0
scary24;0;0;0;1;0
scary25;0;0;0;1;0
scary26;0;0;0;1;0
scary27;0;0;0;1;0
scary28;0;0;0;1;0
scary29;0;0;0;1;0
scary30;0;0;0;1;0
scary31;0;0;0;1;0
scary32;0;0;0;1;0
scary33;0;0;0;1;0
scary34;0;0;0;1;0
scary35;0;0;0;1;0
scary36;0;0;0;1;0
scary37;0;0;0;1;0
scary38;0;0;0;1;0
scary39;0;0;0;1;0
scary40;0;0;0;1;0
scary41;0;0;0;1;0
scary42;0;0;0;1;0
scary43;0;0;0;1;0
scary44;0;0;0;1;0
scary45;0;0;0;1;0
scary46;0;0;0;1;0
scary47;0;0;0;1;0
scary48;0;0;0;1;0
scary49;0;0;0;1;0
scary50;0;0;0;1;0
scary51;0;0;0;1;0
scary52;0;0;0;1;0
scary53;0;0;0;1;0
scary54;0;0;0;1;0
scary55;0;0;0;1;0
scary56;0;0;0;1;0
scary57;0;0;0;1;0
scary58;0;0;0;1;0
scary59;0;0;0;1;0
scary60;0;0;0;1;0
scary61;0;0;0;1;0
scary62;0;0;0;1;0
scary63;0;0;0;1;0
scary64;0;0;0;1;0
scary65;0;0;0;1;0
scary66;0;0;0;1;0
scary67;0;0;0;1;0
scary68;0;0;0;1;0
scary69;0;0;0;1;0
scary70;0;0;0;1;0
scary71;0;0;0;1;0
scary72;0;0;0;1;0
scary73;0;0;0;1;0
scary74;0;0;0;1;0
scary75;0;0;0;1;0
scary76;0;0;0;1;0
scary77;0;0;0;1;0
scary78;0;0;0;1;0
scary79;0;0;0;1;0
scary80;0;0;0;1;0
scary81;0;0;0;1;0
scary82;0;0;0;1;0
scary83;0;0;0;1;0
scary84;0;0;0;1;0
scary85;0;0;0;1;0
scary86;0;0;0;1;0
scary87;0;0;0;1;0
scary88;0;0;0;1;0
scary89;0;0;0;1;0
scary90;0;0;0;1;0
scary91;0;0;0;1;0
scary92;0;0;0;1;0
scary93;0;0;0;1;0
scary94;0;0;0;1;0
scary95;0;0;0;1;0
scary96;0;0;0;1;0
scary97;0;0;0;1;0
scary98;0;0;0;1;0
scary99;0;0;0;1;0
scary100;0;0;0;1;0
scary101;0;0;0;1;0
scary102;0;0;0;1;0
scary103;0;0;0;1;0
scary104;0;0;0;1;0
scary105;0;0;0;1;0
scary106;0;0;0;1;0
scary107;0;0;0;1;0
scary108;0;0;0;1;0
scary109;0;0;0;1;0
scary110;0;0;0;1;0
scary111;0;0;0;1;0
scary112;0;0;0;1;0
scary113;0;0;0;1;0
scary114;0;0;0;1;0
scary115;0;0;0;1;0
scary116;0;0;0;1;0
scary117;0;0;0;1;0
scary118;0;0;0;1;0
scary119;0;0;0;1;0
scary120;0;0;0;1;0
scary121;0;0;0;1;0
scary122;0;0;0;1;0
scary123;0;0;0;1;0
scary124;0;0;0;1;0
scary125;0;0;0;1;0
scary126;0;0;0;1;0
scary127;0;0;0;1;0
scary128;0;0;0;1;0
scary129;0;0;0;1;0
scary130;0;0;0;1;0
scary131;0;0;0;1;0
scary132;0;0;0;1;0
scary133;0;0;0;1;0
scary134;0;0;0;1;0
scary135;0;0;0;1;0
scary136;0;0;0;1;0
scary137;0;0;0;1;0
scary138;0;0;0;1;0
scary139;0;0;0;1;0
scary140;0;0;0;1;0
scary141;0;0;0;1;0
scary142;0;0;0;1;0
scary143;0;0;0;1;0
scary144;0;0;0;1;0
scary145;0;0;0;1;0
scary146;0;0;0;1;0
scary147;0;0;0;1;0
scary148;0;0;0;1;0
scary149;0;0;0;1;0
scary150;0;0;0;1;0
nervous1;0;0;0;0;1
nervous2;0;0;0;0;1
nervous3;0;0;0;0;1
nervous4;0;0;0;0;1
nervous5;0;0;0;0;1
nervous6;0;0;0;0;1
nervous7;0;0;0;0;1
nervous8;0;0;0;0;1
nervous9;0;0;0;0;1
nervous10;0;0;0;0;1
nervous11;0;0;0;0;1
nervous12;0;0;0;0;1
nervous13;0;0;0;0;1
nervous14;0;0;0;0;1
nervous15;0;0;0;0;1
nervous16;0;0;0;0;1
nervous17;0;0;0;0;1
nervous18;0;0;0;0;1
nervous19;0;0;0;0;1
nervous20;0;0;0;0;1
nervous21;0;0;0;0;1
nervous22;0;0;0;0;1
nervous23;0;0;0;0;1
nervous24;0;0;0;0;1
nervous25;0;0;0;0;1
nervous26;0;0;0;0;1
nervous27;0;0;0;0;1
nervous28;0;0;0;0;1
nervous29;0;0;0;0;1
nervous30;0;0;0;0;1
nervous31;0;0;0;0;1
nervous32;0;0;0;0;1
nervous33;0;0;0;0;1
nervous34;0;0;0;0;1
nervous35;0;0;0;0;1
nervous36;0;0;0;0;1
nervous37;0;0;0;0;1
nervous38;0;0;0;0;1
nervous39;0;0;0;0;1
nervous40;0;0;0;0;1
nervous41;0;0;0;0;1
nervous42;0;0;0;0;1
nervous43;0;0;0;0;1
nervous44;0;0;0;0;1
nervous45;0;0;0;0;1
nervous46;0;0;0;0;1
nervous47;0;0;0;0;1
nervous48;0;0;0;0;1
nervous49;0;0;0;0;1
nervous50;0;0;0;0;1
nervous51;0;0;0;0;1
nervous52;0;0;0;0;1
nervous53;0;0;0;0;1
nervous54;0;0;0;0;1
nervous55;0;0;0;0;1
nervous56;0;0;0;0;1
nervous57;0;0;0;0;1
nervous58;0;0;0;0;1
nervous59;0;0;0;0;1
nervous60;0;0;0;0;1
nervous61;0;0;0;0;1
nervous62;0;0;0;0;1
nervous63;0;0;0;0;1
nervous64;0;0;0;0;1
nervous65;0;0;0;0;1
nervous66;0;0;0;0;1
nervous67;0;0;0;0;1
nervous68;0;0;0;0;1
nervous69;0;0;0;0;1
nervous70;0;0;0;0;1
nervous71;0;0;0;0;1
nervous72;0;0;0;0;1
nervous73;0;0;0;0;1
nervous74;0;0;0;0;1
nervous75;0;0;0;0;1
nervous76;0;0;0;0;1
nervous77;0;0;0;0;1
nervous78;0;0;0;0;1
nervous79;0;0;0;0;1
nervous80;0;0;0;0;1
nervous81;0;0;0;0;1
nervous82;0;0;0;0;1
nervous83;0;0;0;0;1
nervous84;0;0;0;0;1
nervous85;0;0;0;0;1
nervous86;0;0;0;0;1
nervous87;0;0;0;0;1
nervous88;0;0;0;0;1
nervous89;0;0;0;0;1
nervous90;0;0;0;0;1
nervous91;0;0;0;0;1
nervous92;0;0;0;0;1
nervous93;0;0;0;0;1
nervous94;0;0;0;0;1
nervous95;0;0;0;0;1
nervous96;0;0;0;0;1
nervous97;0;0;0;0;1
nervous98;0;0;0;0;1
nervous99;0;0;0;0;1
nervous100;0;0;0;0;1
nervous101;0;0;0;0;1
nervous102;0;0;0;0;1
nervous103;0;0;0;0;1
