filename;neutral;unsettling;pleasant;scary;nervous
neutral1;1;0;0;0;0
neutral2;1;0;0;0;0
neutral3;1;0;0;0;0
neutral4;1;0;0;0;0
neutral5;1;0;0;0;0
neutral6;1;0;0;0;0
neutral7;1;0;0;0;0
neutral8;1;0;0;0;0
neutral9;1;0;0;0;0
neutral10;1;0;0;0;0
neutral11;1;0;0;0;0
neutral12;1;0;0;0;0
neutral13;1;0;0;0;0
neutral14;1;0;0;0;0
neutral15;1;0;0;0;0
neutral16;1;0;0;0;0
neutral17;1;0;0;0;0
neutral18;1;0;0;0;0
neutral19;1;0;0;0;0
neutral20;1;0;0;0;0
neutral21;1;0;0;0;0
neutral22;1;0;0;0;0
neutral23;1;0;0;0;0
neutral24;1;0;0;0;0
neutral25;1;0;0;0;0
neutral26;1;0;0;0;0
neutral27;1;0;0;0;0
neutral28;1;0;0;0;0
neutral29;1;0;0;0;0
neutral30;1;0;0;0;0
neutral31;1;0;0;0;0
neutral32;1;0;0;0;0
neutral33;1;0;0;0;0
neutral34;1;0;0;0;0
neutral35;1;0;0;0;0
neutral36;1;0;0;0;0
neutral37;1;0;0;0;0
neutral38;1;0;0;0;0
neutral39;1;0;0;0;0
neutral40;1;0;0;0;0
neutral41;1;0;0;0;0
neutral42;1;0;0;0;0
neutral43;1;0;0;0;0
neutral44;1;0;0;0;0
neutral45;1;0;0;0;0
neutral46;1;0;0;0;0
neutral47;1;0;0;0;0
neutral48;1;0;0;0;0
neutral49;1;0;0;0;0
neutral50;1;0;0;0;0
neutral51;1;0;0;0;0
neutral52;1;0;0;0;0
neutral53;1;0;0;0;0
neutral54;1;0;0;0;0
neutral55;1;0;0;0;0
neutral56;1;0;0;0;0
neutral57;1;0;0;0;0
neutral58;1;0;0;0;0
neutral59;1;0;0;0;0
neutral60;1;0;0;0;0
neutral61;1;0;0;0;0
neutral62;1;0;0;0;0
neutral63;1;0;0;0;0
neutral64;1;0;0;0;0
neutral65;1;0;0;0;0
neutral66;1;0;0;0;0
neutral67;1;0;0;0;0
neutral68;1;0;0;0;0
neutral69;1;0;0;0;0
neutral70;1;0;0;0;0
neutral71;1;0;0;0;0
neutral72;1;0;0;0;0
neutral73;1;0;0;0;0
neutral74;1;0;0;0;0
neutral75;1;0;0;0;0
neutral76;1;0;0;0;0
neutral77;1;0;0;0;0
neutral78;1;0;0;0;0
neutral79;1;0;0;0;0
neutral80;1;0;0;0;0
neutral81;1;0;0;0;0
neutral82;1;0;0;0;0
neutral83;1;0;0;0;0
neutral84;1;0;0;0;0
neutral85;1;0;0;0;0
neutral86;1;0;0;0;0
neutral87;1;0;0;0;0
neutral88;1;0;0;0;0
neutral89;1;0;0;0;0
neutral90;1;0;0;0;0
neutral91;1;0;0;0;0
neutral92;1;0;0;0;0
neutral93;1;0;0;0;0
neutral94;1;0;0;0;0
neutral95;1;0;0;0;0
neutral96;1;0;0;0;0
neutral97;1;0;0;0;0
neutral98;1;0;0;0;0
neutral99;1;0;0;0;0
neutral100;1;0;0;0;0
neutral101;1;0;0;0;0
neutral102;1;0;0;0;0
neutral103;1;0;0;0;0
neutral104;1;0;0;0;0
neutral105;1;0;0;0;0
neutral106;1;0;0;0;0
neutral107;1;0;0;0;0
neutral108;1;0;0;0;0
neutral109;1;0;0;0;0
neutral110;1;0;0;0;0
neutral111;1;0;0;0;0
neutral112;1;0;0;0;0
neutral113;1;0;0;0;0
neutral114;1;0;0;0;0
neutral115;1;0;0;0;0
neutral116;1;0;0;0;0
neutral117;1;0;0;0;0
neutral118;1;0;0;0;0
neutral119;1;0;0;0;0
neutral120;1;0;0;0;0
neutral121;1;0;0;0;0
neutral122;1;0;0;0;0
neutral123;1;0;0;0;0
neutral124;1;0;0;0;0
neutral125;1;0;0;0;0
neutral126;1;0;0;0;0
neutral127;1;0;0;0;0
neutral128;1;0;0;0;0
neutral129;1;0;0;0;0
neutral130;1;0;0;0;0
neutral131;1;0;0;0;0
neutral132;1;0;0;0;0
neutral133;1;0;0;0;0
neutral134;1;0;0;0;0
neutral135;1;0;0;0;0
neutral136;1;0;0;0;0
neutral137;1;0;0;0;0
neutral138;1;0;0;0;0
neutral139;1;0;0;0;0
neutral140;1;0;0;0;0
neutral141;1;0;0;0;0
neutral142;1;0;0;0;0
neutral143;1;0;0;0;0
neutral144;1;0;0;0;0
neutral145;1;0;0;0;0
neutral146;1;0;0;0;0
neutral147;1;0;0;0;0
neutral148;1;0;0;0;0
neutral149;1;0;0;0;0
neutral150;1;0;0;0;0
neutral151;1;0;0;0;0
neutral152;1;0;0;0;0
neutral153;1;0;0;0;0
neutral154;1;0;0;0;0
neutral155;1;0;0;0;0
neutral156;1;0;0;0;0
neutral157;1;0;0;0;0
neutral158;1;0;0;0;0
neutral159;1;0;0;0;0
neutral160;1;0;0;0;0
neutral161;1;0;0;0;0
neutral162;1;0;0;0;0
neutral163;1;0;0;0;0
neutral164;1;0;0;0;0
neutral165;1;0;0;0;0
neutral166;1;0;0;0;0
neutral167;1;0;0;0;0
neutral168;1;0;0;0;0
neutral169;1;0;0;0;0
neutral170;1;0;0;0;0
neutral171;1;0;0;0;0
neutral172;1;0;0;0;0
neutral173;1;0;0;0;0
neutral174;1;0;0;0;0
neutral175;1;0;0;0;0
neutral176;1;0;0;0;0
neutral177;1;0;0;0;0
neutral178;1;0;0;0;0
neutral179;1;0;0;0;0
neutral180;1;0;0;0;0
neutral181;1;0;0;0;0
neutral182;1;0;0;0;0
neutral183;1;0;0;0;0
neutral184;1;0;0;0;0
neutral185;1;0;0;0;0
neutral186;1;0;0;0;0
neutral187;1;0;0;0;0
neutral188;1;0;0;0;0
neutral189;1;0;0;0;0
neutral190;1;0;0;0;0
neutral191;1;0;0;0;0
neutral192;1;0;0;0;0
neutral193;1;0;0;0;0
neutral194;1;0;0;0;0
neutral195;1;0;0;0;0
neutral196;1;0;0;0;0
neutral197;1;0;0;0;0
neutral198;1;0;0;0;0
neutral199;1;0;0;0;0
neutral200;1;0;0;0;0
neutral201;1;0;0;0;0
neutral202;1;0;0;0;0
neutral203;1;0;0;0;0
neutral204;1;0;0;0;0
neutral205;1;0;0;0;0
neutral206;1;0;0;0;0
neutral207;1;0;0;0;0
neutral208;1;0;0;0;0
neutral209;1;0;0;0;0
neutral210;1;0;0;0;0
neutral211;1;0;0;0;0
neutral212;1;0;0;0;0
neutral213;1;0;0;0;0
neutral214;1;0;0;0;0
neutral215;1;0;0;0;0
neutral216;1;0;0;0;0
neutral217;1;0;0;0;0
neutral218;1;0;0;0;0
neutral219;1;0;0;0;0
neutral220;1;0;0;0;0
neutral221;1;0;0;0;0
neutral222;1;0;0;0;0
neutral223;1;0;0;0;0
neutral224;1;0;0;0;0
neutral225;1;0;0;0;0
neutral226;1;0;0;0;0
neutral227;1;0;0;0;0
neutral228;1;0;0;0;0
neutral229;1;0;0;0;0
neutral230;1;0;0;0;0
neutral231;1;0;0;0;0
neutral232;1;0;0;0;0
neutral233;1;0;0;0;0
neutral234;1;0;0;0;0
neutral235;1;0;0;0;0
neutral236;1;0;0;0;0
neutral237;1;0;0;0;0
neutral238;1;0;0;0;0
neutral239;1;0;0;0;0
neutral240;1;0;0;0;0
neutral241;1;0;0;0;0
neutral242;1;0;0;0;0
neutral243;1;0;0;0;0
neutral244;1;0;0;0;0
neutral245;1;0;0;0;0
neutral246;1;0;0;0;0
neutral247;1;0;0;0;0
neutral248;1;0;0;0;0
neutral249;1;0;0;0;0
neutral250;1;0;0;0;0
neutral251;1;0;0;0;0
neutral252;1;0;0;0;0
neutral253;1;0;0;0;0
neutral254;1;0;0;0;0
neutral255;1;0;0;0;0
neutral256;1;0;0;0;0
neutral257;1;0;0;0;0
neutral258;1;0;0;0;0
neutral259;1;0;0;0;0
neutral260;1;0;0;0;0
neutral261;1;0;0;0;0
neutral262;1;0;0;0;0
neutral263;1;0;0;0;0
neutral264;1;0;0;0;0
neutral265;1;0;0;0;0
neutral266;1;0;0;0;0
neutral267;1;0;0;0;0
neutral268;1;0;0;0;0
neutral269;1;0;0;0;0
neutral270;1;0;0;0;0
neutral271;1;0;0;0;0
neutral272;1;0;0;0;0
neutral273;1;0;0;0;0
neutral274;1;0;0;0;0
neutral275;1;0;0;0;0
neutral276;1;0;0;0;0
neutral277;1;0;0;0;0
neutral278;1;0;0;0;0
neutral279;1;0;0;0;0
neutral280;1;0;0;0;0
neutral281;1;0;0;0;0
neutral282;1;0;0;0;0
neutral283;1;0;0;0;0
neutral284;1;0;0;0;0
neutral285;1;0;0;0;0
neutral286;1;0;0;0;0
neutral287;1;0;0;0;0
neutral288;1;0;0;0;0
neutral289;1;0;0;0;0
neutral290;1;0;0;0;0
neutral291;1;0;0;0;0
neutral292;1;0;0;0;0
neutral293;1;0;0;0;0
neutral294;1;0;0;0;0
neutral295;1;0;0;0;0
neutral296;1;0;0;0;0
neutral297;1;0;0;0;0
neutral298;1;0;0;0;0
neutral299;1;0;0;0;0
neutral300;1;0;0;0;0
neutral301;1;0;0;0;0
neutral302;1;0;0;0;0
neutral303;1;0;0;0;0
neutral304;1;0;0;0;0
neutral305;1;0;0;0;0
neutral306;1;0;0;0;0
neutral307;1;0;0;0;0
neutral308;1;0;0;0;0
neutral309;1;0;0;0;0
neutral310;1;0;0;0;0
neutral311;1;0;0;0;0
neutral312;1;0;0;0;0
neutral313;1;0;0;0;0
neutral314;1;0;0;0;0
neutral315;1;0;0;0;0
neutral316;1;0;0;0;0
neutral317;1;0;0;0;0
neutral318;1;0;0;0;0
neutral319;1;0;0;0;0
neutral320;1;0;0;0;0
neutral321;1;0;0;0;0
neutral322;1;0;0;0;0
neutral323;1;0;0;0;0
neutral324;1;0;0;0;0
neutral325;1;0;0;0;0
neutral326;1;0;0;0;0
neutral327;1;0;0;0;0
neutral328;1;0;0;0;0
neutral329;1;0;0;0;0
neutral330;1;0;0;0;0
neutral331;1;0;0;0;0
neutral332;1;0;0;0;0
neutral333;1;0;0;0;0
neutral334;1;0;0;0;0
neutral335;1;0;0;0;0
neutral336;1;0;0;0;0
neutral337;1;0;0;0;0
neutral338;1;0;0;0;0
neutral339;1;0;0;0;0
neutral340;1;0;0;0;0
neutral341;1;0;0;0;0
neutral342;1;0;0;0;0
neutral343;1;0;0;0;0
neutral344;1;0;0;0;0
neutral345;1;0;0;0;0
neutral346;1;0;0;0;0
neutral347;1;0;0;0;0
neutral348;1;0;0;0;0
neutral349;1;0;0;0;0
neutral350;1;0;0;0;0
neutral351;1;0;0;0;0
neutral352;1;0;0;0;0
neutral353;1;0;0;0;0
neutral354;1;0;0;0;0
neutral355;1;0;0;0;0
neutral356;1;0;0;0;0
neutral357;1;0;0;0;0
neutral358;1;0;0;0;0
neutral359;1;0;0;0;0
neutral360;1;0;0;0;0
neutral361;1;0;0;0;0
neutral362;1;0;0;0;0
neutral363;1;0;0;0;0
neutral364;1;0;0;0;0
neutral365;1;0;0;0;0
neutral366;1;0;0;0;0
neutral367;1;0;0;0;0
neutral368;1;0;0;0;0
neutral369;1;0;0;0;0
neutral370;1;0;0;0;0
neutral371;1;0;0;0;0
neutral372;1;0;0;0;0
neutral373;1;0;0;0;0
neutral374;1;0;0;0;0
neutral375;1;0;0;0;0
neutral376;1;0;0;0;0
neutral377;1;0;0;0;0
neutral378;1;0;0;0;0
neutral379;1;0;0;0;0
neutral380;1;0;0;0;0
neutral381;1;0;0;0;0
neutral382;1;0;0;0;0
neutral383;1;0;0;0;0
neutral384;1;0;0;0;0
neutral385;1;0;0;0;0
neutral386;1;0;0;0;0
neutral387;1;0;0;0;0
neutral388;1;0;0;0;0
neutral389;1;0;0;0;0
neutral390;1;0;0;0;0
neutral391;1;0;0;0;0
neutral392;1;0;0;0;0
neutral393;1;0;0;0;0
neutral394;1;0;0;0;0
neutral395;1;0;0;0;0
neutral396;1;0;0;0;0
neutral397;1;0;0;0;0
neutral398;1;0;0;0;0
neutral399;1;0;0;0;0
neutral400;1;0;0;0;0
neutral401;1;0;0;0;0
neutral402;1;0;0;0;0
neutral403;1;0;0;0;0
neutral404;1;0;0;0;0
neutral405;1;0;0;0;0
neutral406;1;0;0;0;0
neutral407;1;0;0;0;0
neutral408;1;0;0;0;0
neutral409;1;0;0;0;0
neutral410;1;0;0;0;0
neutral411;1;0;0;0;0
neutral412;1;0;0;0;0
neutral413;1;0;0;0;0
neutral414;1;0;0;0;0
neutral415;1;0;0;0;0
neutral416;1;0;0;0;0
neutral417;1;0;0;0;0
neutral418;1;0;0;0;0
neutral419;1;0;0;0;0
neutral420;1;0;0;0;0
neutral421;1;0;0;0;0
neutral422;1;0;0;0;0
neutral423;1;0;0;0;0
neutral424;1;0;0;0;0
neutral425;1;0;0;0;0
neutral426;1;0;0;0;0
neutral427;1;0;0;0;0
neutral428;1;0;0;0;0
neutral429;1;0;0;0;0
neutral430;1;0;0;0;0
neutral431;1;0;0;0;0
neutral432;1;0;0;0;0
neutral433;1;0;0;0;0
neutral434;1;0;0;0;0
neutral435;1;0;0;0;0
neutral436;1;0;0;0;0
neutral437;1;0;0;0;0
neutral438;1;0;0;0;0
neutral439;1;0;0;0;0
neutral440;1;0;0;0;0
neutral441;1;0;0;0;0
neutral442;1;0;0;0;0
neutral443;1;0;0;0;0
neutral444;1;0;0;0;0
neutral445;1;0;0;0;0
neutral446;1;0;0;0;0
neutral447;1;0;0;0;0
neutral448;1;0;0;0;0
neutral449;1;0;0;0;0
neutral450;1;0;0;0;0
neutral451;1;0;0;0;0
neutral452;1;0;0;0;0
neutral453;1;0;0;0;0
neutral454;1;0;0;0;0
neutral455;1;0;0;0;0
neutral456;1;0;0;0;0
neutral457;1;0;0;0;0
neutral458;1;0;0;0;0
neutral459;1;0;0;0;0
neutral460;1;0;0;0;0
neutral461;1;0;0;0;0
neutral462;1;0;0;0;0
neutral463;1;0;0;0;0
neutral464;1;0;0;0;0
neutral465;1;0;0;0;0
neutral466;1;0;0;0;0
neutral467;1;0;0;0;0
neutral468;1;0;0;0;0
neutral469;1;0;0;0;0
neutral470;1;0;0;0;0
neutral471;1;0;0;0;0
neutral472;1;0;0;0;0
neutral473;1;0;0;0;0
neutral474;1;0;0;0;0
neutral475;1;0;0;0;0
neutral476;1;0;0;0;0
neutral477;1;0;0;0;0
neutral478;1;0;0;0;0
neutral479;1;0;0;0;0
neutral480;1;0;0;0;0
neutral481;1;0;0;0;0
neutral482;1;0;0;0;0
neutral483;1;0;0;0;0
neutral484;1;0;0;0;0
neutral485;1;0;0;0;0
neutral486;1;0;0;0;0
neutral487;1;0;0;0;0
neutral488;1;0;0;0;0
neutral489;1;0;0;0;0
neutral490;1;0;0;0;0
neutral491;1;0;0;0;0
neutral492;1;0;0;0;0
neutral493;1;0;0;0;0
neutral494;1;0;0;0;0
neutral495;1;0;0;0;0
neutral496;1;0;0;0;0
neutral497;1;0;0;0;0
neutral498;1;0;0;0;0
neutral499;1;0;0;0;0
neutral500;1;0;0;0;0
neutral501;1;0;0;0;0
neutral502;1;0;0;0;0
neutral503;1;0;0;0;0
neutral504;1;0;0;0;0
neutral505;1;0;0;0;0
neutral506;1;0;0;0;0
neutral507;1;0;0;0;0
neutral508;1;0;0;0;0
neutral509;1;0;0;0;0
neutral510;1;0;0;0;0
neutral511;1;0;0;0;0
neutral512;1;0;0;0;0
neutral513;1;0;0;0;0
neutral514;1;0;0;0;0
neutral515;1;0;0;0;0
neutral516;1;0;0;0;0
neutral517;1;0;0;0;0
neutral518;1;0;0;0;0
neutral519;1;0;0;0;0
neutral520;1;0;0;0;0
neutral521;1;0;0;0;0
neutral522;1;0;0;0;0
neutral523;1;0;0;0;0
neutral524;1;0;0;0;0
neutral525;1;0;0;0;0
neutral526;1;0;0;0;0
neutral527;1;0;0;0;0
neutral528;1;0;0;0;0
neutral529;1;0;0;0;0
neutral530;1;0;0;0;0
neutral531;1;0;0;0;0
neutral532;1;0;0;0;0
neutral533;1;0;0;0;0
neutral534;1;0;0;0;0
neutral535;1;0;0;0;0
neutral536;1;0;0;0;0
neutral537;1;0;0;0;0
neutral538;1;0;0;0;0
neutral539;1;0;0;0;0
neutral540;1;0;0;0;0
neutral541;1;0;0;0;0
neutral542;1;0;0;0;0
neutral543;1;0;0;0;0
neutral544;1;0;0;0;0
neutral545;1;0;0;0;0
neutral546;1;0;0;0;0
neutral547;1;0;0;0;0
neutral548;1;0;0;0;0
neutral549;1;0;0;0;0
neutral550;1;0;0;0;0
neutral551;1;0;0;0;0
neutral552;1;0;0;0;0
neutral553;1;0;0;0;0
neutral554;1;0;0;0;0
neutral555;1;0;0;0;0
neutral556;1;0;0;0;0
neutral557;1;0;0;0;0
neutral558;1;0;0;0;0
neutral559;1;0;0;0;0
neutral560;1;0;0;0;0
neutral561;1;0;0;0;0
neutral562;1;0;0;0;0
neutral563;1;0;0;0;0
neutral564;1;0;0;0;0
neutral565;1;0;0;0;0
neutral566;1;0;0;0;0
neutral567;1;0;0;0;0
neutral568;1;0;0;0;0
neutral569;1;0;0;0;0
neutral570;1;0;0;0;0
neutral571;1;0;0;0;0
neutral572;1;0;0;0;0
neutral573;1;0;0;0;0
neutral574;1;0;0;0;0
neutral575;1;0;0;0;0
neutral576;1;0;0;0;0
neutral577;1;0;0;0;0
neutral578;1;0;0;0;0
neutral579;1;0;0;0;0
neutral580;1;0;0;0;0
neutral581;1;0;0;0;0
neutral582;1;0;0;0;0
neutral583;1;0;0;0;0
neutral584;1;0;0;0;0
neutral585;1;0;0;0;0
neutral586;1;0;0;0;0
neutral587;1;0;0;0;0
neutral588;1;0;0;0;0
neutral589;1;0;0;0;0
neutral590;1;0;0;0;0
neutral591;1;0;0;0;0
neutral592;1;0;0;0;0
neutral593;1;0;0;0;0
neutral594;1;0;0;0;0
neutral595;1;0;0;0;0
neutral596;1;0;0;0;0
neutral597;1;0;0;0;0
neutral598;1;0;0;0;0
neutral599;1;0;0;0;0
neutral600;1;0;0;0;0
neutral601;1;0;0;0;0
neutral602;1;0;0;0;0
neutral603;1;0;0;0;0
neutral604;1;0;0;0;0
neutral605;1;0;0;0;0
neutral606;1;0;0;0;0
neutral607;1;0;0;0;0
neutral608;1;0;0;0;0
neutral609;1;0;0;0;0
neutral610;1;0;0;0;0
neutral611;1;0;0;0;0
neutral612;1;0;0;0;0
neutral613;1;0;0;0;0
neutral614;1;0;0;0;0
neutral615;1;0;0;0;0
neutral616;1;0;0;0;0
neutral617;1;0;0;0;0
neutral618;1;0;0;0;0
neutral619;1;0;0;0;0
neutral620;1;0;0;0;0
neutral621;1;0;0;0;0
neutral622;1;0;0;0;0
neutral623;1;0;0;0;0
neutral624;1;0;0;0;0
neutral625;1;0;0;0;0
neutral626;1;0;0;0;0
neutral627;1;0;0;0;0
neutral628;1;0;0;0;0
neutral629;1;0;0;0;0
neutral630;1;0;0;0;0
neutral631;1;0;0;0;0
neutral632;1;0;0;0;0
neutral633;1;0;0;0;0
neutral634;1;0;0;0;0
neutral635;1;0;0;0;0
neutral636;1;0;0;0;0
neutral637;1;0;0;0;0
neutral638;1;0;0;0;0
neutral639;1;0;0;0;0
neutral640;1;0;0;0;0
neutral641;1;0;0;0;0
neutral642;1;0;0;0;0
neutral643;1;0;0;0;0
neutral644;1;0;0;0;0
neutral645;1;0;0;0;0
neutral646;1;0;0;0;0
neutral647;1;0;0;0;0
neutral648;1;0;0;0;0
neutral649;1;0;0;0;0
neutral650;1;0;0;0;0
neutral651;1;0;0;0;0
neutral652;1;0;0;0;0
neutral653;1;0;0;0;0
neutral654;1;0;0;0;0
neutral655;1;0;0;0;0
neutral656;1;0;0;0;0
neutral657;1;0;0;0;0
neutral658;1;0;0;0;0
neutral659;1;0;0;0;0
neutral660;1;0;0;0;0
unsettling1;0;1;0;0;0
unsettling2;0;1;0;0;0
unsettling3;0;1;0;0;0
unsettling4;0;1;0;0;0
unsettling5;0;1;0;0;0
unsettling6;0;1;0;0;0
unsettling7;0;1;0;0;0
unsettling8;0;1;0;0;0
unsettling9;0;1;0;0;0
unsettling10;0;1;0;0;0
unsettling11;0;1;0;0;0
unsettling12;0;1;0;0;0
unsettling13;0;1;0;0;0
unsettling14;0;1;0;0;0
unsettling15;0;1;0;0;0
unsettling16;0;1;0;0;0
unsettling17;0;1;0;0;0
unsettling18;0;1;0;0;0
unsettling19;0;1;0;0;0
unsettling20;0;1;0;0;0
unsettling21;0;1;0;0;0
unsettling22;0;1;0;0;0
unsettling23;0;1;0;0;0
unsettling24;0;1;0;0;0
unsettling25;0;1;0;0;0
unsettling26;0;1;0;0;0
unsettling27;0;1;0;0;0
unsettling28;0;1;0;0;0
unsettling29;0;1;0;0;0
unsettling30;0;1;0;0;0
unsettling31;0;1;0;0;0
unsettling32;0;1;0;0;0
unsettling33;0;1;0;0;0
unsettling34;0;1;0;0;0
unsettling35;0;1;0;0;0
unsettling36;0;1;0;0;0
unsettling37;0;1;0;0;0
unsettling38;0;1;0;0;0
unsettling39;0;1;0;0;0
unsettling40;0;1;0;0;0
unsettling41;0;1;0;0;0
unsettling42;0;1;0;0;0
unsettling43;0;1;0;0;0
unsettling44;0;1;0;0;0
unsettling45;0;1;0;0;0
unsettling46;0;1;0;0;0
unsettling47;0;1;0;0;0
unsettling48;0;1;0;0;0
unsettling49;0;1;0;0;0
unsettling50;0;1;0;0;0
unsettling51;0;1;0;0;0
unsettling52;0;1;0;0;0
unsettling53;0;1;0;0;0
unsettling54;0;1;0;0;0
unsettling55;0;1;0;0;0
unsettling56;0;1;0;0;0
unsettling57;0;1;0;0;0
unsettling58;0;1;0;0;0
unsettling59;0;1;0;0;0
unsettling60;0;1;0;0;0
unsettling61;0;1;0;0;0
unsettling62;0;1;0;0;0
unsettling63;0;1;0;0;0
unsettling64;0;1;0;0;0
unsettling65;0;1;0;0;0
unsettling66;0;1;0;0;0
unsettling67;0;1;0;0;0
unsettling68;0;1;0;0;0
unsettling69;0;1;0;0;0
unsettling70;0;1;0;0;0
unsettling71;0;1;0;0;0
unsettling72;0;1;0;0;0
unsettling73;0;1;0;0;0
unsettling74;0;1;0;0;0
unsettling75;0;1;0;0;0
unsettling76;0;1;0;0;0
unsettling77;0;1;0;0;0
unsettling78;0;1;0;0;0
unsettling79;0;1;0;0;0
unsettling80;0;1;0;0;0
unsettling81;0;1;0;0;0
unsettling82;0;1;0;0;0
unsettling83;0;1;0;0;0
unsettling84;0;1;0;0;0
unsettling85;0;1;0;0;0
unsettling86;0;1;0;0;0
unsettling87;0;1;0;0;0
unsettling88;0;1;0;0;0
unsettling89;0;1;0;0;0
unsettling90;0;1;0;0;0
unsettling91;0;1;0;0;0
unsettling92;0;1;0;0;0
unsettling93;0;1;0;0;0
unsettling94;0;1;0;0;0
unsettling95;0;1;0;0;0
unsettling96;0;1;0;0;0
unsettling97;0;1;0;0;0
unsettling98;0;1;0;0;0
unsettling99;0;1;0;0;0
unsettling100;0;1;0;0;0
unsettling101;0;1;0;0;0
unsettling102;0;1;0;0;0
unsettling103;0;1;0;0;0
unsettling104;0;1;0;0;0
unsettling105;0;1;0;0;0
unsettling106;0;1;0;0;0
unsettling107;0;1;0;0;0
unsettling108;0;1;0;0;0
unsettling109;0;1;0;0;0
unsettling110;0;1;0;0;0
unsettling111;0;1;0;0;0
unsettling112;0;1;0;0;0
unsettling113;0;1;0;0;0
unsettling114;0;1;0;0;0
unsettling115;0;1;0;0;0
unsettling116;0;1;0;0;0
unsettling117;0;1;0;0;0
unsettling118;0;1;0;0;0
unsettling119;0;1;0;0;0
unsettling120;0;1;0;0;0
unsettling121;0;1;0;0;0
unsettling122;0;1;0;0;0
unsettling123;0;1;0;0;0
unsettling124;0;1;0;0;0
unsettling125;0;1;0;0;0
unsettling126;0;1;0;0;0
unsettling127;0;1;0;0;0
unsettling128;0;1;0;0;0
unsettling129;0;1;0;0;0
unsettling130;0;1;0;0;0
unsettling131;0;1;0;0;0
unsettling132;0;1;0;0;0
unsettling133;0;1;0;0;0
unsettling134;0;1;0;0;0
unsettling135;0;1;0;0;0
unsettling136;0;1;0;0;0
unsettling137;0;1;0;0;0
unsettling138;0;1;0;0;0
unsettling139;0;1;0;0;0
unsettling140;0;1;0;0;0
unsettling141;0;1;0;0;0
unsettling142;0;1;0;0;0
unsettling143;0;1;0;0;0
unsettling144;0;1;0;0;0
unsettling145;0;1;0;0;0
unsettling146;0;1;0;0;0
unsettling147;0;1;0;0;0
unsettling148;0;1;0;0;0
unsettling149;0;1;0;0;0
unsettling150;0;1;0;0;0
unsettling151;0;1;0;0;0
unsettling152;0;1;0;0;0
unsettling153;0;1;0;0;0
unsettling154;0;1;0;0;0
unsettling155;0;1;0;0;0
unsettling156;0;1;0;0;0
unsettling157;0;1;0;0;0
unsettling158;0;1;0;0;0
unsettling159;0;1;0;0;0
unsettling160;0;1;0;0;0
unsettling161;0;1;0;0;0
unsettling162;0;1;0;0;0
unsettling163;0;1;0;0;0
unsettling164;0;1;0;0;0
unsettling165;0;1;0;0;0
unsettling166;0;1;0;0;0
unsettling167;0;1;0;0;0
unsettling168;0;1;0;0;0
unsettling169;0;1;0;0;0
unsettling170;0;1;0;0;0
unsettling171;0;1;0;0;0
unsettling172;0;1;0;0;0
unsettling173;0;1;0;0;0
unsettling174;0;1;0;0;0
unsettling175;0;1;0;0;0
unsettling176;0;1;0;0;0
unsettling177;0;1;0;0;0
unsettling178;0;1;0;0;0
unsettling179;0;1;0;0;0
unsettling180;0;1;0;0;0
unsettling181;0;1;0;0;0
unsettling182;0;1;0;0;0
unsettling183;0;1;0;0;0
unsettling184;0;1;0;0;0
unsettling185;0;1;0;0;0
unsettling186;0;1;0;0;0
unsettling187;0;1;0;0;0
unsettling188;0;1;0;0;0
unsettling189;0;1;0;0;0
unsettling190;0;1;0;0;0
unsettling191;0;1;0;0;0
unsettling192;0;1;0;0;0
unsettling193;0;1;0;0;0
unsettling194;0;1;0;0;0
unsettling195;0;1;0;0;0
unsettling196;0;1;0;0;0
unsettling197;0;1;0;0;0
unsettling198;0;1;0;0;0
unsettling199;0;1;0;0;0
unsettling200;0;1;0;0;0
unsettling201;0;1;0;0;0
unsettling202;0;1;0;0;0
unsettling203;0;1;0;0;0
unsettling204;0;1;0;0;0
unsettling205;0;1;0;0;0
unsettling206;0;1;0;0;0
unsettling207;0;1;0;0;0
unsettling208;0;1;0;0;0
unsettling209;0;1;0;0;0
unsettling210;0;1;0;0;0
unsettling211;0;1;0;0;0
unsettling212;0;1;0;0;0
unsettling213;0;1;0;0;0
unsettling214;0;1;0;0;0
unsettling215;0;1;0;0;0
unsettling216;0;1;0;0;0
unsettling217;0;1;0;0;0
unsettling218;0;1;0;0;0
unsettling219;0;1;0;0;0
unsettling220;0;1;0;0;0
unsettling221;0;1;0;0;0
unsettling222;0;1;0;0;0
unsettling223;0;1;0;0;0
unsettling224;0;1;0;0;0
unsettling225;0;1;0;0;0
unsettling226;0;1;0;0;0
unsettling227;0;1;0;0;0
unsettling228;0;1;0;0;0
unsettling229;0;1;0;0;0
unsettling230;0;1;0;0;0
unsettling231;0;1;0;0;0
unsettling232;0;1;0;0;0
unsettling233;0;1;0;0;0
unsettling234;0;1;0;0;0
unsettling235;0;1;0;0;0
unsettling236;0;1;0;0;0
unsettling237;0;1;0;0;0
unsettling238;0;1;0;0;0
unsettling239;0;1;0;0;0
unsettling240;0;1;0;0;0
unsettling241;0;1;0;0;0
unsettling242;0;1;0;0;0
unsettling243;0;1;0;0;0
unsettling244;0;1;0;0;0
unsettling245;0;1;0;0;0
unsettling246;0;1;0;0;0
unsettling247;0;1;0;0;0
unsettling248;0;1;0;0;0
unsettling249;0;1;0;0;0
unsettling250;0;1;0;0;0
unsettling251;0;1;0;0;0
unsettling252;0;1;0;0;0
unsettling253;0;1;0;0;0
unsettling254;0;1;0;0;0
unsettling255;0;1;0;0;0
unsettling256;0;1;0;0;0
unsettling257;0;1;0;0;0
unsettling258;0;1;0;0;0
unsettling259;0;1;0;0;0
unsettling260;0;1;0;0;0
unsettling261;0;1;0;0;0
unsettling262;0;1;0;0;0
unsettling263;0;1;0;0;0
unsettling264;0;1;0;0;0
unsettling265;0;1;0;0;0
unsettling266;0;1;0;0;0
unsettling267;0;1;0;0;0
unsettling268;0;1;0;0;0
unsettling269;0;1;0;0;0
unsettling270;0;1;0;0;0
unsettling271;0;1;0;0;0
unsettling272;0;1;0;0;0
unsettling273;0;1;0;0;0
unsettling274;0;1;0;0;0
unsettling275;0;1;0;0;0
unsettling276;0;1;0;0;0
unsettling277;0;1;0;0;0
unsettling278;0;1;0;0;0
unsettling279;0;1;0;0;0
unsettling280;0;1;0;0;0
unsettling281;0;1;0;0;0
unsettling282;0;1;0;0;0
unsettling283;0;1;0;0;0
unsettling284;0;1;0;0;0
unsettling285;0;1;0;0;0
unsettling286;0;1;0;0;0
unsettling287;0;1;0;0;0
unsettling288;0;1;0;0;0
unsettling289;0;1;0;0;0
unsettling290;0;1;0;0;0
unsettling291;0;1;0;0;0
unsettling292;0;1;0;0;0
unsettling293;0;1;0;0;0
unsettling294;0;1;0;0;0
unsettling295;0;1;0;0;0
unsettling296;0;1;0;0;0
unsettling297;0;1;0;0;0
unsettling298;0;1;0;0;0
unsettling299;0;1;0;0;0
unsettling300;0;1;0;0;0
unsettling301;0;1;0;0;0
unsettling302;0;1;0;0;0
unsettling303;0;1;0;0;0
unsettling304;0;1;0;0;0
unsettling305;0;1;0;0;0
unsettling306;0;1;0;0;0
unsettling307;0;1;0;0;0
unsettling308;0;1;0;0;0
unsettling309;0;1;0;0;0
unsettling310;0;1;0;0;0
unsettling311;0;1;0;0;0
unsettling312;0;1;0;0;0
unsettling313;0;1;0;0;0
unsettling314;0;1;0;0;0
unsettling315;0;1;0;0;0
unsettling316;0;1;0;0;0
unsettling317;0;1;0;0;0
unsettling318;0;1;0;0;0
unsettling319;0;1;0;0;0
unsettling320;0;1;0;0;0
unsettling321;0;1;0;0;0
unsettling322;0;1;0;0;0
unsettling323;0;1;0;0;0
unsettling324;0;1;0;0;0
unsettling325;0;1;0;0;0
unsettling326;0;1;0;0;0
unsettling327;0;1;0;0;0
unsettling328;0;1;0;0;0
unsettling329;0;1;0;0;0
unsettling330;0;1;0;0;0
unsettling331;0;1;0;0;0
unsettling332;0;1;0;0;0
unsettling333;0;1;0;0;0
unsettling334;0;1;0;0;0
unsettling335;0;1;0;0;0
unsettling336;0;1;0;0;0
unsettling337;0;1;0;0;0
unsettling338;0;1;0;0;0
unsettling339;0;1;0;0;0
unsettling340;0;1;0;0;0
unsettling341;0;1;0;0;0
unsettling342;0;1;0;0;0
unsettling343;0;1;0;0;0
unsettling344;0;1;0;0;0
unsettling345;0;1;0;0;0
unsettling346;0;1;0;0;0
unsettling347;0;1;0;0;0
unsettling348;0;1;0;0;0
unsettling349;0;1;0;0;0
unsettling350;0;1;0;0;0
unsettling351;0;1;0;0;0
unsettling352;0;1;0;0;0
unsettling353;0;1;0;0;0
unsettling354;0;1;0;0;0
unsettling355;0;1;0;0;0
unsettling356;0;1;0;0;0
unsettling357;0;1;0;0;0
unsettling358;0;1;0;0;0
unsettling359;0;1;0;0;0
unsettling360;0;1;0;0;0
unsettling361;0;1;0;0;0
unsettling362;0;1;0;0;0
unsettling363;0;1;0;0;0
unsettling364;0;1;0;0;0
unsettling365;0;1;0;0;0
unsettling366;0;1;0;0;0
unsettling367;0;1;0;0;0
unsettling368;0;1;0;0;0
unsettling369;0;1;0;0;0
unsettling370;0;1;0;0;0
unsettling371;0;1;0;0;0
unsettling372;0;1;0;0;0
unsettling373;0;1;0;0;0
unsettling374;0;1;0;0;0
unsettling375;0;1;0;0;0
pleasent1;0;0;1;0;0
pleasent2;0;0;1;0;0
pleasent3;0;0;1;0;0
pleasent4;0;0;1;0;0
pleasent5;0;0;1;0;0
pleasent6;0;0;1;0;0
pleasent7;0;0;1;0;0
pleasent8;0;0;1;0;0
pleasent9;0;0;1;0;0
pleasent10;0;0;1;0;0
pleasent11;0;0;1;0;0
pleasent12;0;0;1;0;0
pleasent13;0;0;1;0;0
pleasent14;0;0;1;0;0
pleasent15;0;0;1;0;0
pleasent16;0;0;1;0;0
pleasent17;0;0;1;0;0
pleasent18;0;0;1;0;0
pleasent19;0;0;1;0;0
pleasent20;0;0;1;0;0
pleasent21;0;0;1;0;0
pleasent22;0;0;1;0;0
pleasent23;0;0;1;0;0
pleasent24;0;0;1;0;0
pleasent25;0;0;1;0;0
pleasent26;0;0;1;0;0
pleasent27;0;0;1;0;0
pleasent28;0;0;1;0;0
pleasent29;0;0;1;0;0
pleasent30;0;0;1;0;0
pleasent31;0;0;1;0;0
pleasent32;0;0;1;0;0
pleasent33;0;0;1;0;0
pleasent34;0;0;1;0;0
pleasent35;0;0;1;0;0
pleasent36;0;0;1;0;0
pleasent37;0;0;1;0;0
pleasent38;0;0;1;0;0
pleasent39;0;0;1;0;0
pleasent40;0;0;1;0;0
pleasent41;0;0;1;0;0
pleasent42;0;0;1;0;0
scary1;0;0;0;1;0
scary2;0;0;0;1;0
scary3;0;0;0;1;0
scary4;0;0;0;1;0
scary5;0;0;0;1;0
scary6;0;0;0;1;0
scary7;0;0;0;1;0
scary8;0;0;0;1;0
scary9;0;0;0;1;0
scary10;0;0;0;1;0
scary11;0;0;0;1;0
scary12;0;0;0;1;0
scary13;0;0;0;1;0
scary14;0;0;0;1;0
scary15;0;0;0;1;0
scary16;0;0;0;1;0
scary17;0;0;0;1;0
scary18;0;0;0;1;0
scary19;0;0;0;1;0
scary20;0;0;0;1;0
scary21;0;0;0;1;0
scary22;0;0;0;1;0
scary23;0;0;0;1;0
scary24;0;0;0;1;0
scary25;0;0;0;1;0
scary26;0;0;0;1;0
scary27;0;0;0;1;0
scary28;0;0;0;1;0
scary29;0;0;0;1;0
scary30;0;0;0;1;0
scary31;0;0;0;1;0
scary32;0;0;0;1;0
scary33;0;0;0;1;0
scary34;0;0;0;1;0
scary35;0;0;0;1;0
scary36;0;0;0;1;0
scary37;0;0;0;1;0
scary38;0;0;0;1;0
scary39;0;0;0;1;0
scary40;0;0;0;1;0
scary41;0;0;0;1;0
scary42;0;0;0;1;0
scary43;0;0;0;1;0
scary44;0;0;0;1;0
scary45;0;0;0;1;0
scary46;0;0;0;1;0
scary47;0;0;0;1;0
scary48;0;0;0;1;0
scary49;0;0;0;1;0
scary50;0;0;0;1;0
scary51;0;0;0;1;0
scary52;0;0;0;1;0
scary53;0;0;0;1;0
scary54;0;0;0;1;0
scary55;0;0;0;1;0
scary56;0;0;0;1;0
scary57;0;0;0;1;0
scary58;0;0;0;1;0
scary59;0;0;0;1;0
scary60;0;0;0;1;0
scary61;0;0;0;1;0
scary62;0;0;0;1;0
scary63;0;0;0;1;0
scary64;0;0;0;1;0
scary65;0;0;0;1;0
scary66;0;0;0;1;0
scary67;0;0;0;1;0
scary68;0;0;0;1;0
scary69;0;0;0;1;0
scary70;0;0;0;1;0
scary71;0;0;0;1;0
scary72;0;0;0;1;0
scary73;0;0;0;1;0
scary74;0;0;0;1;0
scary75;0;0;0;1;0
scary76;0;0;0;1;0
scary77;0;0;0;1;0
scary78;0;0;0;1;0
scary79;0;0;0;1;0
scary80;0;0;0;1;0
scary81;0;0;0;1;0
scary82;0;0;0;1;0
scary83;0;0;0;1;0
scary84;0;0;0;1;0
scary85;0;0;0;1;0
scary86;0;0;0;1;0
scary87;0;0;0;1;0
scary88;0;0;0;1;0
scary89;0;0;0;1;0
scary90;0;0;0;1;0
scary91;0;0;0;1;0
scary92;0;0;0;1;0
scary93;0;0;0;1;0
scary94;0;0;0;1;0
scary95;0;0;0;1;0
scary96;0;0;0;1;0
scary97;0;0;0;1;0
scary98;0;0;0;1;0
scary99;0;0;0;1;0
scary100;0;0;0;1;0
scary101;0;0;0;1;0
scary102;0;0;0;1;0
scary103;0;0;0;1;0
scary104;0;0;0;1;0
scary105;0;0;0;1;0
scary106;0;0;0;1;0
scary107;0;0;0;1;0
scary108;0;0;0;1;0
scary109;0;0;0;1;0
scary110;0;0;0;1;0
scary111;0;0;0;1;0
scary112;0;0;0;1;0
scary113;0;0;0;1;0
scary114;0;0;0;1;0
scary115;0;0;0;1;0
scary116;0;0;0;1;0
scary117;0;0;0;1;0
scary118;0;0;0;1;0
scary119;0;0;0;1;0
scary120;0;0;0;1;0
scary121;0;0;0;1;0
scary122;0;0;0;1;0
scary123;0;0;0;1;0
scary124;0;0;0;1;0
scary125;0;0;0;1;0
scary126;0;0;0;1;0
scary127;0;0;0;1;0
scary128;0;0;0;1;0
scary129;0;0;0;1;0
scary130;0;0;0;1;0
scary131;0;0;0;1;0
scary132;0;0;0;1;0
scary133;0;0;0;1;0
scary134;0;0;0;1;0
scary135;0;0;0;1;0
scary136;0;0;0;1;0
scary137;0;0;0;1;0
scary138;0;0;0;1;0
scary139;0;0;0;1;0
scary140;0;0;0;1;0
scary141;0;0;0;1;0
scary142;0;0;0;1;0
scary143;0;0;0;1;0
scary144;0;0;0;1;0
scary145;0;0;0;1;0
scary146;0;0;0;1;0
scary147;0;0;0;1;0
scary148;0;0;0;1;0
scary149;0;0;0;1;0
nervous1;0;0;0;0;1
nervous2;0;0;0;0;1
nervous3;0;0;0;0;1
nervous4;0;0;0;0;1
nervous5;0;0;0;0;1
nervous6;0;0;0;0;1
nervous7;0;0;0;0;1
nervous8;0;0;0;0;1
nervous9;0;0;0;0;1
nervous10;0;0;0;0;1
nervous11;0;0;0;0;1
nervous12;0;0;0;0;1
nervous13;0;0;0;0;1
nervous14;0;0;0;0;1
nervous15;0;0;0;0;1
nervous16;0;0;0;0;1
nervous17;0;0;0;0;1
nervous18;0;0;0;0;1
nervous19;0;0;0;0;1
nervous20;0;0;0;0;1
nervous21;0;0;0;0;1
nervous22;0;0;0;0;1
nervous23;0;0;0;0;1
nervous24;0;0;0;0;1
nervous25;0;0;0;0;1
nervous26;0;0;0;0;1
nervous27;0;0;0;0;1
nervous28;0;0;0;0;1
nervous29;0;0;0;0;1
nervous30;0;0;0;0;1
nervous31;0;0;0;0;1
nervous32;0;0;0;0;1
nervous33;0;0;0;0;1
nervous34;0;0;0;0;1
nervous35;0;0;0;0;1
nervous36;0;0;0;0;1
nervous37;0;0;0;0;1
nervous38;0;0;0;0;1
nervous39;0;0;0;0;1
nervous40;0;0;0;0;1
nervous41;0;0;0;0;1
nervous42;0;0;0;0;1
nervous43;0;0;0;0;1
nervous44;0;0;0;0;1
nervous45;0;0;0;0;1
nervous46;0;0;0;0;1
nervous47;0;0;0;0;1
nervous48;0;0;0;0;1
nervous49;0;0;0;0;1
nervous50;0;0;0;0;1
nervous51;0;0;0;0;1
nervous52;0;0;0;0;1
nervous53;0;0;0;0;1
nervous54;0;0;0;0;1
nervous55;0;0;0;0;1
nervous56;0;0;0;0;1
nervous57;0;0;0;0;1
nervous58;0;0;0;0;1
nervous59;0;0;0;0;1
nervous60;0;0;0;0;1
nervous61;0;0;0;0;1
nervous62;0;0;0;0;1
nervous63;0;0;0;0;1
nervous64;0;0;0;0;1
nervous65;0;0;0;0;1
nervous66;0;0;0;0;1
nervous67;0;0;0;0;1
nervous68;0;0;0;0;1
nervous69;0;0;0;0;1
nervous70;0;0;0;0;1
nervous71;0;0;0;0;1
nervous72;0;0;0;0;1
nervous73;0;0;0;0;1
nervous74;0;0;0;0;1
nervous75;0;0;0;0;1
nervous76;0;0;0;0;1
nervous77;0;0;0;0;1
nervous78;0;0;0;0;1
nervous79;0;0;0;0;1
nervous80;0;0;0;0;1
nervous81;0;0;0;0;1
nervous82;0;0;0;0;1
nervous83;0;0;0;0;1
nervous84;0;0;0;0;1
nervous85;0;0;0;0;1
nervous86;0;0;0;0;1
nervous87;0;0;0;0;1
nervous88;0;0;0;0;1
nervous89;0;0;0;0;1
nervous90;0;0;0;0;1
nervous91;0;0;0;0;1
nervous92;0;0;0;0;1
nervous93;0;0;0;0;1
nervous94;0;0;0;0;1
nervous95;0;0;0;0;1
nervous96;0;0;0;0;1
nervous97;0;0;0;0;1
nervous98;0;0;0;0;1
nervous99;0;0;0;0;1
nervous100;0;0;0;0;1
nervous101;0;0;0;0;1
nervous102;0;0;0;0;1
